Time,Uid
23/05/2021 22:47:11,pratyush@
Time,Uid
23/05/2021 22:59:32,ctf
Time,Uid
23/05/2021 23:00:17,ctf
Time,Uid
23/05/2021 23:01:41,ctf
Time,Uid
23/05/2021 23:03:33,ctf
Time,Uid
23/05/2021 23:04:27,pratyush@
Time,Uid
23/05/2021 23:42:54,ctf
Time,Uid
23/05/2021 23:43:32,ctf
Time,Uid
23/05/2021 23:44:13,hero
Time,Uid
23/05/2021 23:45:22,
Time,Uid
23/05/2021 23:45:29,
Time,Uid
23/05/2021 23:45:46,
Time,Uid
23/05/2021 23:49:19,hero1
Time,Uid
23/05/2021 23:52:31,ctf
Time,Uid
24/05/2021 00:16:25,ctf
Time,Uid
24/05/2021 01:15:37,ctf
Time,Uid
24/05/2021 01:15:54,ctf1
Time,Uid
24/05/2021 01:18:16,ctf
Time,Uid
24/05/2021 14:57:16,ctf
Time,Uid
24/05/2021 14:57:59,ctf
Time,Uid
24/05/2021 15:13:36,ctf
Time,Uid
24/05/2021 15:14:02,ctf1
Time,Uid
24/05/2021 15:17:05,ctf
Time,Uid
24/05/2021 15:19:43,ctf
Time,Uid
24/05/2021 15:25:51,ctf
Time,Uid
24/05/2021 15:26:41,ctf1
Time,Uid
24/05/2021 15:43:35,ctf
Time,Uid
24/05/2021 15:43:46,ctf
Time,Uid
24/05/2021 15:44:04,ctf1
Time,Uid
24/05/2021 15:49:23,ctf
Time,Uid
24/05/2021 15:50:42,ctf
Time,Uid
26/05/2021 21:50:51,ctf
Time,Uid
30/05/2021 16:26:12,ctf
Time,Uid
30/05/2021 16:26:28,ctf1
Time,Uid
30/05/2021 23:30:52,ctf
Time,Uid
30/05/2021 23:30:59,ctf1
Time,Uid
30/05/2021 23:31:47,ctf
Time,Uid
30/05/2021 23:32:05,ctf1
Time,Uid
30/05/2021 23:32:32,ctf
Time,Uid
30/05/2021 23:32:33,ctf1
Time,Uid
30/05/2021 23:33:10,ctf
Time,Uid
30/05/2021 23:33:18,ctf1
Time,Uid
30/05/2021 23:33:38,ctf1
Time,Uid
30/05/2021 23:41:39,ctf
Time,Uid
30/05/2021 23:41:44,ctf1
Time,Uid
30/05/2021 23:42:03,ctf
Time,Uid
31/05/2021 00:01:55,ctf1
Time,Uid
31/05/2021 00:02:02,ctf
Time,Uid
31/05/2021 00:04:19,ctf
Time,Uid
31/05/2021 00:04:36,ctf1
Time,Uid
31/05/2021 00:06:26,ctf
Time,Uid
31/05/2021 00:06:28,ctf1
Time,Uid
31/05/2021 00:16:07,ctf
Time,Uid
31/05/2021 00:16:15,ctf1
Time,Uid
31/05/2021 00:26:40,ctf
Time,Uid
31/05/2021 00:26:48,ctf1
Time,Uid
31/05/2021 00:29:44,ctf
Time,Uid
31/05/2021 00:29:54,ctf1
Time,Uid
31/05/2021 00:32:56,ctf
Time,Uid
31/05/2021 00:33:09,ctf1
Time,Uid
31/05/2021 00:34:29,ctf
Time,Uid
31/05/2021 00:34:30,ctf1
Time,Uid
31/05/2021 00:36:06,ctf
Time,Uid
31/05/2021 00:36:06,ctf1
Time,Uid
31/05/2021 00:38:30,ctf
Time,Uid
31/05/2021 00:39:24,ctf
Time,Uid
31/05/2021 00:40:11,ctf
Time,Uid
31/05/2021 00:40:17,ctf1
Time,Uid
31/05/2021 00:42:15,ctf
Time,Uid
31/05/2021 00:42:24,ctf1
Time,Uid
31/05/2021 00:53:14,ctf
Time,Uid
31/05/2021 00:53:16,ctf1
Time,Uid
31/05/2021 00:56:08,ctf
Time,Uid
31/05/2021 00:56:28,ctf1
Time,Uid
31/05/2021 01:02:37,ctf1
Time,Uid
31/05/2021 01:02:37,ctf
Time,Uid
31/05/2021 09:36:10,ctf
Time,Uid
31/05/2021 09:36:11,ctf1
Time,Uid
31/05/2021 09:41:59,ctf
Time,Uid
31/05/2021 09:42:06,ctf1
Time,Uid
31/05/2021 09:43:51,ctf
Time,Uid
31/05/2021 09:44:04,ctf
Time,Uid
31/05/2021 09:44:58,ctf1
Time,Uid
31/05/2021 09:45:00,ctf
Time,Uid
31/05/2021 09:46:59,ctf1
Time,Uid
31/05/2021 09:47:00,ctf
Time,Uid
31/05/2021 09:52:50,ctf
Time,Uid
31/05/2021 09:52:54,ctf1
Time,Uid
31/05/2021 09:54:03,ctf
Time,Uid
31/05/2021 09:54:04,ctf1
Time,Uid
31/05/2021 09:55:16,ctf
Time,Uid
31/05/2021 09:55:16,ctf1
Time,Uid
31/05/2021 09:58:28,ctf
Time,Uid
31/05/2021 09:58:29,ctf1
Time,Uid
31/05/2021 10:00:39,ctf
Time,Uid
31/05/2021 10:00:40,ctf1
Time,Uid
31/05/2021 10:02:10,ctf
Time,Uid
31/05/2021 10:04:33,ctf
Time,Uid
31/05/2021 10:04:34,ctf1
Time,Uid
31/05/2021 20:32:18,ctf
Time,Uid
01/06/2021 12:38:43,ctf
Time,Uid
01/06/2021 12:39:10,ctf
Time,Uid
01/06/2021 13:14:15,ctf
Time,Uid
01/06/2021 13:14:45,ctf
Time,Uid
02/06/2021 01:06:20,ctf
Time,Uid
05/06/2021 10:29:27,ctf
Time,Uid
05/06/2021 10:31:03,ctf2
Time,Uid
05/06/2021 10:32:01,ctf2
Time,Uid
05/06/2021 10:33:46,ctf
Time,Uid
05/06/2021 10:34:36,ctf
Time,Uid
06/09/2021 18:16:32,ctf
Time,Uid
06/09/2021 18:18:59,ctf
